Workbook

Sheet PatientsMaster
A1: PatientID | B1: FullName | C1: DateOfBirth | D1: Gender | E1: BloodType | F1: Address | G1: Phone | H1: FacilityID | I1: EncounterDate | J1: EncounterType
A2: PAT-1001 | B2: Aarav Brown | C2: 2009-09-17 | D2: Male | E2: O+ | F2: 4633 Main St | G2: 555-996-3602 | H2: CLI-01 | I2: 2024-10-16 | J2: Telehealth
A3: PAT-1002 | B3: Michael Smith | C3: 1995-09-05 | D3: Male | E3: A- | F3: 7259 Main St | G3: 555-644-1423 | H3: CLI-01 | I3: 2023-11-30 | J3: Emergency
A4: PAT-1003 | B4: Michael Smith | C4: 1956-08-04 | D4: Male | E4: O- | F4: 2808 Main St | G4: 555-369-8935 | H4: HOS-01 | I4: 2022-10-17 | J4: Emergency
A5: PAT-1004 | B5: Robert Brown | C5: 1990-04-05 | D5: Male | E5: AB- | F5: 2641 Main St | G5: 555-263-7728 | H5: CLI-01 | I5: 2025-07-13 | J5: Emergency
A6: PAT-1005 | B6: Linda Garcia | C6: 1989-03-09 | D6: Male | E6: A+ | F6: 1378 Main St | G6: 555-309-8036 | H6: CLI-01 | I6: 2023-08-09 | J6: Office Visit
A7: PAT-1006 | B7: Linda Williams | C7: 1968-02-03 | D7: Male | E7: B+ | F7: 5019 Main St | G7: 555-171-4357 | H7: CLI-01 | I7: 2026-08-30 | J7: Hospital Admission
A8: PAT-1007 | B8: Aarav Patel | C8: 1991-08-23 | D8: Male | E8: O- | F8: 6980 Main St | G8: 555-565-8180 | H8: CLI-01 | I8: 2022-07-04 | J8: Telehealth
A9: PAT-1008 | B9: John Singh | C9: 1941-04-03 | D9: Female | E9: O+ | F9: 2432 Main St | G9: 555-392-8623 | H9: CLI-01 | I9: 2024-01-27 | J9: Telehealth
A10: PAT-1009 | B10: Jennifer Johnson | C10: 1952-08-22 | D10: Female | E10: B+ | F10: 1369 Main St | G10: 555-727-2170 | H10: HOS-01 | I10: 2022-01-11 | J10: Telehealth
A11: PAT-1010 | B11: Mary Singh | C11: 1970-04-02 | D11: Female | E11: AB+ | F11: 1522 Main St | G11: 555-981-2789 | H11: HOS-01 | I11: 2022-03-15 | J11: Office Visit
A12: PAT-1011 | B12: Jennifer Smith | C12: 1952-03-13 | D12: Female | E12: A+ | F12: 8330 Main St | G12: 555-896-9014 | H12: CLI-01 | I12: 2022-06-09 | J12: Hospital Admission
... A501: PAT-1500 | B501: Mary Smith | C501: 1983-10-31 | D501: Female | E501: AB- | F501: 1169 Main St | G501: 555-430-5404 | H501: CLI-01 | I501: 2023-05-18 | J501: Telehealth

Sheet Diagnoses
A1: DiagnosisID | B1: EncounterID | C1: ICD10_Code | D1: DiagnosisDescription
A2: DIAG-1 | B2: ENC-1 | C2: E11.9 | D2: Type 2 diabetes mellitus without complications
A3: DIAG-2 | B3: ENC-2 | C3: K21.9 | D3: Gastro-esophageal reflux disease without esophagitis
A4: DIAG-3 | B4: ENC-3 | C4: K21.9 | D4: Gastro-esophageal reflux disease without esophagitis
A5: DIAG-4 | B5: ENC-4 | C5: J06.9 | D5: Acute upper respiratory infection, unspecified
A6: DIAG-5 | B6: ENC-5 | C6: E11.9 | D6: Type 2 diabetes mellitus without complications
A7: DIAG-6 | B7: ENC-6 | C7: J06.9 | D7: Acute upper respiratory infection, unspecified
A8: DIAG-7 | B8: ENC-7 | C8: J06.9 | D8: Acute upper respiratory infection, unspecified
A9: DIAG-8 | B9: ENC-8 | C9: E11.9 | D9: Type 2 diabetes mellitus without complications
A10: DIAG-9 | B10: ENC-9 | C10: J06.9 | D10: Acute upper respiratory infection, unspecified
A11: DIAG-10 | B11: ENC-10 | C11: I10 | D11: Essential (primary) hypertension
A12: DIAG-11 | B12: ENC-11 | C12: I10 | D12: Essential (primary) hypertension
... A501: DIAG-500 | B501: ENC-500 | C501: M54.5 | D501: Low back pain

Sheet Procedures
A1: CPT_Code | B1: ProcedureDescription
A2: 99213 | B2: Office visit, established patient, 15 min
A3: 80053 | B3: Comprehensive metabolic panel
A4: 99213 | B4: Office visit, established patient, 15 min
A5: 80053 | B5: Comprehensive metabolic panel
A6: 85025 | B6: Complete blood count (CBC)
A7: 99213 | B7: Office visit, established patient, 15 min
A8: 99213 | B8: Office visit, established patient, 15 min
A9: 80053 | B9: Comprehensive metabolic panel
A10: 99203 | B10: Office visit, new patient, 30 min
A11: 80053 | B11: Comprehensive metabolic panel
A12: 85025 | B12: Complete blood count (CBC)
... A501: 99203 | B501: Office visit, new patient, 30 min

Sheet VitalsLog
A1: VitalsID | B1: EncounterID | C1: SystolicBP | D1: DiastolicBP | E1: HeartRate | F1: Temperature_F
A2: VIT-1 | B2: ENC-1 | C2: 139 | D2: 84 | E2: 89 | F2: 98.3
A3: VIT-2 | B3: ENC-2 | C3: 131 | D3: 70 | E3: 68 | F3: 98.9
A4: VIT-3 | B4: ENC-3 | C4: 130 | D4: 77 | E4: 64 | F4: 99
A5: VIT-4 | B5: ENC-4 | C5: 125 | D5: 73 | E5: 99 | F5: 98.6
A6: VIT-5 | B6: ENC-5 | C6: 123 | D6: 74 | E6: 64 | F6: 98.9
A7: VIT-6 | B7: ENC-6 | C7: 120 | D7: 71 | E7: 98 | F7: 98.3
A8: VIT-7 | B8: ENC-7 | C8: 116 | D8: 77 | E8: 94 | F8: 97.8
A9: VIT-8 | B9: ENC-8 | C9: 124 | D9: 79 | E9: 79 | F9: 99.2
A10: VIT-9 | B10: ENC-9 | C10: 125 | D10: 74 | E10: 94 | F10: 98.2
A11: VIT-10 | B11: ENC-10 | C11: 116 | D11: 82 | E11: 83 | F11: 98.7
A12: VIT-11 | B12: ENC-11 | C12: 115 | D12: 85 | E12: 93 | F12: 97.8
A13: VIT-12 | B13: ENC-12 | C13: 132 | D13: 71 | E13: 97 | F13: 98
... A501: VIT-500 | B501: ENC-500 | C501: 115 | D501: 76 | E501: 77 | F501: 97.9

Sheet Charges
A1: ChargeID | B1: EncounterID | C1: CPT_Code | D1: ChargeAmount
A2: CHG-1 | B2: ENC-1 | C2: 99213 | D2: 432.61
A3: CHG-2 | B3: ENC-2 | C3: 80053 | D3: 399.89
A4: CHG-3 | B4: ENC-3 | C4: 99213 | D4: 156.68
A5: CHG-4 | B5: ENC-4 | C5: 80053 | D5: 76.62
A6: CHG-5 | B6: ENC-5 | C6: 85025 | D6: 371.08
A7: CHG-6 | B7: ENC-6 | C7: 99213 | D7: 88.3
A8: CHG-7 | B8: ENC-7 | C8: 99213 | D8: 274.35
A9: CHG-8 | B9: ENC-8 | C9: 80053 | D9: 373.43
A10: CHG-9 | B10: ENC-9 | C10: 99203 | D10: 161.85
A11: CHG-10 | B11: ENC-10 | C11: 80053 | D11: 393.93
A12: CHG-11 | B12: ENC-11 | C12: 85025 | D12: 329.15
A13: CHG-12 | B13: ENC-12 | C13: 80053 | D13: 369.59
... A501: CHG-500 | B501: ENC-500 | C501: 99203 | D501: 74.56

Sheet InsuranceClaims
A1: ClaimID | B1: ChargeID | C1: InsuranceProvider | D1: AmountBilled | E1: AmountPaid | F1: Status
A2: CLM-1 | B2: CHG-1 | C2: Aetna | D2: 432.61 | E2: 372.0446 | F2: Paid
A3: CLM-2 | B3: CHG-2 | C3: Aetna | D3: 399.89 | E3: 323.9109 | F3: Paid
A4: CLM-3 | B4: CHG-3 | C4: Aetna | D4: 156.68 | E4: 131.6112 | F4: Paid
A5: CLM-4 | B5: CHG-4 | C5: Aetna | D5: 76.62 | E5: 62.0622 | F5: Paid
A6: CLM-5 | B6: CHG-5 | C6: Aetna | D6: 371.08 | E6: 278.31 | F6: Paid
A7: CLM-6 | B7: CHG-6 | C7: Aetna | D7: 88.3 | E7: 77.704 | F7: Paid
A8: CLM-7 | B8: CHG-7 | C8: Aetna | D8: 274.35 | E8: 244.1715 | F8: Paid
A9: CLM-8 | B9: CHG-9 | C9: Aetna | D9: 161.85 | E9: 142.428 | F9: Paid
A10: CLM-9 | B10: CHG-10 | C10: Aetna | D10: 393.93 | E10: 342.7191 | F10: Paid
A11: CLM-10 | B11: CHG-12 | C11: Aetna | D11: 369.59 | E11: 295.672 | F11: Paid
A12: CLM-11 | B12: CHG-13 | C12: Aetna | D12: 358.17 | E12: 268.6275 | F12: Paid
A13: CLM-12 | B13: CHG-14 | C13: Aetna | D13: 313.21 | E13: 263.0964 | F13: Paid
... A501: CLM-500 | B501: CHG-566 | C501: Aetna | D501: 483.63 | E501: 435.267 | F501: Paid

Sheet ProvidersMaster
A1: ProviderID | B1: FullName | C1: Specialty
A2: PROV-101 | B2: Dr. Patricia Singh | C2: Cardiology
A3: PROV-102 | B3: Dr. Michael Patel | C3: General Practice
A4: PROV-103 | B4: Dr. Mary Williams | C4: Cardiology
A5: PROV-104 | B5: Dr. Aarav Brown | C5: Pediatrics
A6: PROV-105 | B6: Dr. John Singh | C6: Oncology
A7: PROV-106 | B7: Dr. Mary Patel | C7: Pediatrics
A8: PROV-107 | B8: Dr. Jennifer Jones | C8: Dermatology
A9: PROV-108 | B9: Dr. James Brown | C9: Gastroenterology
A10: PROV-109 | B10: Dr. John Garcia | C10: General Practice
A11: PROV-110 | B11: Dr. Mary Smith | C11: Gastroenterology
A12: PROV-111 | B12: Dr. Jennifer Brown | C12: Cardiology
... A31: PROV-130 | B31: Dr. Priya Garcia | C31: Gastroenterology

Sheet Prescriptions
A1: PrescriptionID | B1: EncounterID | C1: MedicationID | D1: PharmacyID | E1: DatePrescribed | F1: Quantity | G1: Refills
A2: RX-1 | B2: ENC-2 | C2: MED01 | D2: PHARM-04 | E2: 2023-11-30 | F2: 30 | G2: 1
A3: RX-2 | B3: ENC-3 | C3: MED03 | D3: PHARM-01 | E3: 2022-10-17 | F3: 30 | G3: 1
A4: RX-3 | B4: ENC-4 | C4: MED03 | D4: PHARM-02 | E4: 2025-07-13 | F4: 30 | G4: 1
A5: RX-4 | B5: ENC-6 | C5: MED02 | D5: PHARM-03 | E5: 2026-08-30 | F5: 30 | G5: 1
A6: RX-5 | B6: ENC-8 | C6: MED03 | D6: PHARM-01 | E6: 2024-01-27 | F6: 30 | G6: 1
A7: RX-6 | B7: ENC-9 | C7: MED03 | D7: PHARM-03 | E7: 2022-01-11 | F7: 30 | G7: 1
A8: RX-7 | B8: ENC-10 | C8: MED04 | D8: PHARM-03 | E8: 2022-03-15 | F8: 30 | G8: 1
A9: RX-8 | B9: ENC-11 | C9: MED03 | D9: PHARM-04 | E9: 2022-06-09 | F9: 30 | G9: 1
A10: RX-9 | B10: ENC-12 | C10: MED03 | D10: PHARM-02 | E10: 2024-01-11 | F10: 30 | G10: 1
A11: RX-10 | B11: ENC-13 | C11: MED01 | D11: PHARM-01 | E11: 2026-07-13 | F11: 30 | G11: 1
A12: RX-11 | B12: ENC-15 | C12: MED03 | D12: PHARM-03 | E12: 2025-05-28 | F12: 30 | G12: 1
A13: RX-12 | B13: ENC-19 | C13: MED01 | D13: PHARM-04 | E13: 2025-12-04 | F13: 30 | G13: 1
... A501: RX-500 | B501: ENC-957 | C501: MED01 | D501: PHARM-01 | E501: 2025-06-21 | F501: 30 | G501: 1

Sheet Preprocess Audit
A1: Sheet | B1: Data Rows | C1: Columns | D1: Exact Duplicate Rows | E1: Duplicate Primary Keys | F1: Blank Primary Keys | G1: Missing Cells | H1: Action
A2: PatientsMaster | B2: 500 | C2: 10 | D2: 0 | E2: 0 | F2: 0 | G2: 0 | H2: Cleaned: 500 rows; 3 calculated fields; sorted by encounter date
A3: Diagnoses | B3: 500 | C3: 4 | D3: 0 | E3: 0 | F3: 0 | G3: 0 | H3: Cleaned: 500 rows; sorted by ICD-10
A4: Procedures | B4: 500 | C4: 2 | D4: 496 | E4: 496 | F4: 0 | G4: 0 | H4: Deduplicated: 500 to 4 unique CPT mappings
A5: VitalsLog | B5: 500 | C5: 6 | D5: 0 | E5: 0 | F5: 0 | G5: 0 | H5: Cleaned: 500 rows; pulse pressure added; sorted by systolic BP
A6: Charges | B6: 500 | C6: 4 | D6: 0 | E6: 0 | F6: 0 | G6: 0 | H6: Cleaned: 500 rows; CPT description added; sorted by charge
A7: InsuranceClaims | B7: 500 | C7: 6 | D7: 0 | E7: 0 | F7: 0 | G7: 0 | H7: Cleaned: 500 rows; balance and paid rate added; sorted by billed
A8: ProvidersMaster | B8: 30 | C8: 3 | D8: 0 | E8: 0 | F8: 0 | G8: 0 | H8: Cleaned: 30 rows; sorted by specialty and name
A9: Prescriptions | B9: 500 | C9: 7 | D9: 0 | E9: 0 | F9: 0 | G9: 0 | H9: Cleaned: 500 rows; total units added; sorted by date

Sheet Clean Patients
A1: PatientID | B1: EncounterID | C1: FullName | D1: DateOfBirth | E1: Gender | F1: BloodType | G1: Address | H1: Phone | I1: FacilityID | J1: EncounterDate | K1: EncounterType | L1: AgeAtEncounter | M1: EncounterYear
A2: PAT-1147 | B2: ="ENC-"&(VALUE(RIGHT(A2,4))-1000) -> ENC-147 | C2: Patricia Jones | D2: 25118 | E2: Male | F2: O+ | G2: 8847 Main St | H2: 555-107-4113 | I2: HOS-01 | J2: 46289 | K2: Emergency | L2: =DATEDIF(D2,J2,"Y") -> 57 | M2: =YEAR(J2) -> 2026
A3: PAT-1278 | B3: ="ENC-"&(VALUE(RIGHT(A3,4))-1000) -> ENC-278 | C3: Jennifer Johnson | D3: 22666 | E3: Non-binary | F3: O- | G3: 7523 Main St | H3: 555-512-6129 | I3: CLI-01 | J3: 46285 | K3: Hospital Admission | L3: =DATEDIF(D3,J3,"Y") -> 64 | M3: =YEAR(J3) -> 2026
A4: PAT-1440 | B4: ="ENC-"&(VALUE(RIGHT(A4,4))-1000) -> ENC-440 | C4: Patricia Garcia | D4: 20936 | E4: Male | F4: A+ | G4: 9507 Main St | H4: 555-369-9258 | I4: HOS-01 | J4: 46283 | K4: Office Visit | L4: =DATEDIF(D4,J4,"Y") -> 69 | M4: =YEAR(J4) -> 2026
A5: PAT-1454 | B5: ="ENC-"&(VALUE(RIGHT(A5,4))-1000) -> ENC-454 | C5: Michael Jones | D5: 15343 | E5: Non-binary | F5: A- | G5: 9059 Main St | H5: 555-642-1713 | I5: HOS-01 | J5: 46279 | K5: Telehealth | L5: =DATEDIF(D5,J5,"Y") -> 84 | M5: =YEAR(J5) -> 2026
A6: PAT-1006 | B6: ="ENC-"&(VALUE(RIGHT(A6,4))-1000) -> ENC-6 | C6: Linda Williams | D6: 24871 | E6: Male | F6: B+ | G6: 5019 Main St | H6: 555-171-4357 | I6: CLI-01 | J6: 46264 | K6: Hospital Admission | L6: =DATEDIF(D6,J6,"Y") -> 58 | M6: =YEAR(J6) -> 2026
A7: PAT-1045 | B7: ="ENC-"&(VALUE(RIGHT(A7,4))-1000) -> ENC-45 | C7: Priya Patel | D7: 22406 | E7: Male | F7: AB+ | G7: 2791 Main St | H7: 555-841-8975 | I7: HOS-01 | J7: 46264 | K7: Emergency | L7: =DATEDIF(D7,J7,"Y") -> 65 | M7: =YEAR(J7) -> 2026
A8: PAT-1061 | B8: ="ENC-"&(VALUE(RIGHT(A8,4))-1000) -> ENC-61 | C8: Priya Patel | D8: 35075 | E8: Male | F8: AB- | G8: 4894 Main St | H8: 555-255-1969 | I8: CLI-01 | J8: 46263 | K8: Emergency | L8: =DATEDIF(D8,J8,"Y") -> 30 | M8: =YEAR(J8) -> 2026
A9: PAT-1288 | B9: ="ENC-"&(VALUE(RIGHT(A9,4))-1000) -> ENC-288 | C9: Priya Smith | D9: 24981 | E9: Non-binary | F9: A+ | G9: 6699 Main St | H9: 555-607-2696 | I9: CLI-01 | J9: 46263 | K9: Emergency | L9: =DATEDIF(D9,J9,"Y") -> 58 | M9: =YEAR(J9) -> 2026
A10: PAT-1329 | B10: ="ENC-"&(VALUE(RIGHT(A10,4))-1000) -> ENC-329 | C10: Jennifer Smith | D10: 37915 | E10: Non-binary | F10: B+ | G10: 1729 Main St | H10: 555-519-6626 | I10: HOS-01 | J10: 46261 | K10: Emergency | L10: =DATEDIF(D10,J10,"Y") -> 22 | M10: =YEAR(J10) -> 2026
A11: PAT-1206 | B11: ="ENC-"&(VALUE(RIGHT(A11,4))-1000) -> ENC-206 | C11: Priya Singh | D11: 21880 | E11: Non-binary | F11: O+ | G11: 4134 Main St | H11: 555-528-3405 | I11: HOS-01 | J11: 46258 | K11: Telehealth | L11: =DATEDIF(D11,J11,"Y") -> 66 | M11: =YEAR(J11) -> 2026
A12: PAT-1342 | B12: ="ENC-"&(VALUE(RIGHT(A12,4))-1000) -> ENC-342 | C12: John Williams | D12: 23619 | E12: Female | F12: B- | G12: 4838 Main St | H12: 555-539-8084 | I12: CLI-01 | J12: 46256 | K12: Telehealth | L12: =DATEDIF(D12,J12,"Y") -> 61 | M12: =YEAR(J12) -> 2026
A13: PAT-1022 | B13: ="ENC-"&(VALUE(RIGHT(A13,4))-1000) -> ENC-22 | C13: John Singh | D13: 25989 | E13: Female | F13: AB- | G13: 5074 Main St | H13: 555-411-9305 | I13: HOS-01 | J13: 46249 | K13: Emergency | L13: =DATEDIF(D13,J13,"Y") -> 55 | M13: =YEAR(J13) -> 2026
... A501: PAT-1135 | B501: ="ENC-"&(VALUE(RIGHT(A501,4))-1000) -> ENC-135 | C501: Robert Patel | D501: 39405 | E501: Female | F501: A- | G501: 5595 Main St | H501: 555-624-1738 | I501: HOS-01 | J501: 44562 | K501: Hospital Admission | L501: =DATEDIF(D501,J501,"Y") -> 14 | M501: =YEAR(J501) -> 2022

Sheet Clean Vitals
A1: VitalsID | B1: EncounterID | C1: SystolicBP | D1: DiastolicBP | E1: HeartRate | F1: Temperature_F | G1: PulsePressure
A2: VIT-26 | B2: ENC-26 | C2: 140 | D2: 75 | E2: 69 | F2: 99.4 | G2: =C2-D2 -> 65
A3: VIT-60 | B3: ENC-60 | C3: 140 | D3: 77 | E3: 60 | F3: 98.7 | G3: =C3-D3 -> 63
A4: VIT-132 | B4: ENC-132 | C4: 140 | D4: 84 | E4: 86 | F4: 97.8 | G4: =C4-D4 -> 56
A5: VIT-159 | B5: ENC-159 | C5: 140 | D5: 85 | E5: 100 | F5: 97.5 | G5: =C5-D5 -> 55
A6: VIT-160 | B6: ENC-160 | C6: 140 | D6: 87 | E6: 79 | F6: 97.9 | G6: =C6-D6 -> 53
A7: VIT-166 | B7: ENC-166 | C7: 140 | D7: 81 | E7: 80 | F7: 98.4 | G7: =C7-D7 -> 59
A8: VIT-183 | B8: ENC-183 | C8: 140 | D8: 86 | E8: 84 | F8: 98.5 | G8: =C8-D8 -> 54
A9: VIT-226 | B9: ENC-226 | C9: 140 | D9: 75 | E9: 91 | F9: 99.1 | G9: =C9-D9 -> 65
A10: VIT-237 | B10: ENC-237 | C10: 140 | D10: 81 | E10: 72 | F10: 98.4 | G10: =C10-D10 -> 59
A11: VIT-272 | B11: ENC-272 | C11: 140 | D11: 85 | E11: 71 | F11: 97.7 | G11: =C11-D11 -> 55
A12: VIT-289 | B12: ENC-289 | C12: 140 | D12: 90 | E12: 88 | F12: 97.9 | G12: =C12-D12 -> 50
A13: VIT-329 | B13: ENC-329 | C13: 140 | D13: 71 | E13: 88 | F13: 97.9 | G13: =C13-D13 -> 69
... A501: VIT-494 | B501: ENC-494 | C501: 110 | D501: 78 | E501: 67 | F501: 99.5 | G501: =C501-D501 -> 32

Sheet Clean Diagnoses
A1: DiagnosisID | B1: EncounterID | C1: ICD10_Code | D1: DiagnosisDescription
A2: DIAG-1 | B2: ENC-1 | C2: E11.9 | D2: Type 2 diabetes mellitus without complications
A3: DIAG-5 | B3: ENC-5 | C3: E11.9 | D3: Type 2 diabetes mellitus without complications
A4: DIAG-8 | B4: ENC-8 | C4: E11.9 | D4: Type 2 diabetes mellitus without complications
A5: DIAG-25 | B5: ENC-25 | C5: E11.9 | D5: Type 2 diabetes mellitus without complications
A6: DIAG-35 | B6: ENC-35 | C6: E11.9 | D6: Type 2 diabetes mellitus without complications
A7: DIAG-49 | B7: ENC-49 | C7: E11.9 | D7: Type 2 diabetes mellitus without complications
A8: DIAG-55 | B8: ENC-55 | C8: E11.9 | D8: Type 2 diabetes mellitus without complications
A9: DIAG-58 | B9: ENC-58 | C9: E11.9 | D9: Type 2 diabetes mellitus without complications
A10: DIAG-96 | B10: ENC-96 | C10: E11.9 | D10: Type 2 diabetes mellitus without complications
A11: DIAG-98 | B11: ENC-98 | C11: E11.9 | D11: Type 2 diabetes mellitus without complications
A12: DIAG-101 | B12: ENC-101 | C12: E11.9 | D12: Type 2 diabetes mellitus without complications
... A501: DIAG-500 | B501: ENC-500 | C501: M54.5 | D501: Low back pain

Sheet Clean Procedures
A1: CPT_Code | B1: ProcedureDescription
A2: 80053 | B2: Comprehensive metabolic panel
A3: 85025 | B3: Complete blood count (CBC)
A4: 99203 | B4: Office visit, new patient, 30 min
A5: 99213 | B5: Office visit, established patient, 15 min

Sheet Clean Charges
A1: ChargeID | B1: EncounterID | C1: CPT_Code | D1: ChargeAmount | E1: ProcedureDescription
A2: CHG-304 | B2: ENC-304 | C2: 80053 | D2: 499.36 | E2: =_xlfn.XLOOKUP(C2,'Clean Procedures'!$A$2:$A$5,'Clean Procedures'!$B$2:$B$5,"Not mapped") -> Comprehensive metabolic panel
A3: CHG-209 | B3: ENC-209 | C3: 85025 | D3: 498.45 | E3: =_xlfn.XLOOKUP(C3,'Clean Procedures'!$A$2:$A$5,'Clean Procedures'!$B$2:$B$5,"Not mapped") -> Complete blood count (CBC)
A4: CHG-384 | B4: ENC-384 | C4: 80053 | D4: 497.94 | E4: =_xlfn.XLOOKUP(C4,'Clean Procedures'!$A$2:$A$5,'Clean Procedures'!$B$2:$B$5,"Not mapped") -> Comprehensive metabolic panel
A5: CHG-170 | B5: ENC-170 | C5: 99213 | D5: 496.51 | E5: =_xlfn.XLOOKUP(C5,'Clean Procedures'!$A$2:$A$5,'Clean Procedures'!$B$2:$B$5,"Not mapped") -> Office visit, established patient, 15 min
A6: CHG-95 | B6: ENC-95 | C6: 80053 | D6: 495.11 | E6: =_xlfn.XLOOKUP(C6,'Clean Procedures'!$A$2:$A$5,'Clean Procedures'!$B$2:$B$5,"Not mapped") -> Comprehensive metabolic panel
A7: CHG-213 | B7: ENC-213 | C7: 80053 | D7: 494.34 | E7: =_xlfn.XLOOKUP(C7,'Clean Procedures'!$A$2:$A$5,'Clean Procedures'!$B$2:$B$5,"Not mapped") -> Comprehensive metabolic panel
A8: CHG-54 | B8: ENC-54 | C8: 80053 | D8: 493.7 | E8: =_xlfn.XLOOKUP(C8,'Clean Procedures'!$A$2:$A$5,'Clean Procedures'!$B$2:$B$5,"Not mapped") -> Comprehensive metabolic panel
A9: CHG-359 | B9: ENC-359 | C9: 99203 | D9: 493.62 | E9: =_xlfn.XLOOKUP(C9,'Clean Procedures'!$A$2:$A$5,'Clean Procedures'!$B$2:$B$5,"Not mapped") -> Office visit, new patient, 30 min
A10: CHG-153 | B10: ENC-153 | C10: 99213 | D10: 493.37 | E10: =_xlfn.XLOOKUP(C10,'Clean Procedures'!$A$2:$A$5,'Clean Procedures'!$B$2:$B$5,"Not mapped") -> Office visit, established patient, 15 min
A11: CHG-49 | B11: ENC-49 | C11: 99213 | D11: 493.29 | E11: =_xlfn.XLOOKUP(C11,'Clean Procedures'!$A$2:$A$5,'Clean Procedures'!$B$2:$B$5,"Not mapped") -> Office visit, established patient, 15 min
A12: CHG-497 | B12: ENC-497 | C12: 80053 | D12: 492.88 | E12: =_xlfn.XLOOKUP(C12,'Clean Procedures'!$A$2:$A$5,'Clean Procedures'!$B$2:$B$5,"Not mapped") -> Comprehensive metabolic panel
A13: CHG-411 | B13: ENC-411 | C13: 99203 | D13: 490.26 | E13: =_xlfn.XLOOKUP(C13,'Clean Procedures'!$A$2:$A$5,'Clean Procedures'!$B$2:$B$5,"Not mapped") -> Office visit, new patient, 30 min
... A501: CHG-137 | B501: ENC-137 | C501: 80053 | D501: 50.26 | E501: =_xlfn.XLOOKUP(C501,'Clean Procedures'!$A$2:$A$5,'Clean Procedures'!$B$2:$B$5,"Not mapped") -> Comprehensive metabolic panel

Sheet Clean Claims
A1: ClaimID | B1: ChargeID | C1: InsuranceProvider | D1: AmountBilled | E1: AmountPaid | F1: Status | G1: OutstandingBalance | H1: PaidRate
A2: CLM-261 | B2: CHG-304 | C2: Aetna | D2: 499.36 | E2: 439.4368 | F2: Paid | G2: =D2-E2 -> 59.9232 | H2: =IFERROR(E2/D2,0) -> 0.88
A3: CLM-334 | B3: CHG-384 | C3: Aetna | D3: 497.94 | E3: 398.352 | F3: Paid | G3: =D3-E3 -> 99.588 | H3: =IFERROR(E3/D3,0) -> 0.8
A4: CLM-146 | B4: CHG-170 | C4: Aetna | D4: 496.51 | E4: 347.557 | F4: Paid | G4: =D4-E4 -> 148.953 | H4: =IFERROR(E4/D4,0) -> 0.7
A5: CLM-85 | B5: CHG-95 | C5: Aetna | D5: 495.11 | E5: 425.7946 | F5: Paid | G5: =D5-E5 -> 69.3154 | H5: =IFERROR(E5/D5,0) -> 0.86
A6: CLM-184 | B6: CHG-213 | C6: Aetna | D6: 494.34 | E6: 365.8116 | F6: Paid | G6: =D6-E6 -> 128.5284 | H6: =IFERROR(E6/D6,0) -> 0.74
A7: CLM-48 | B7: CHG-54 | C7: Aetna | D7: 493.7 | E7: 414.708 | F7: Paid | G7: =D7-E7 -> 78.992 | H7: =IFERROR(E7/D7,0) -> 0.84
A8: CLM-310 | B8: CHG-359 | C8: Aetna | D8: 493.62 | E8: 419.577 | F8: Paid | G8: =D8-E8 -> 74.043 | H8: =IFERROR(E8/D8,0) -> 0.85
A9: CLM-132 | B9: CHG-153 | C9: Aetna | D9: 493.37 | E9: 394.696 | F9: Paid | G9: =D9-E9 -> 98.674 | H9: =IFERROR(E9/D9,0) -> 0.8
A10: CLM-44 | B10: CHG-49 | C10: Aetna | D10: 493.29 | E10: 394.632 | F10: Paid | G10: =D10-E10 -> 98.658 | H10: =IFERROR(E10/D10,0) -> 0.8
A11: CLM-438 | B11: CHG-497 | C11: Aetna | D11: 492.88 | E11: 379.5176 | F11: Paid | G11: =D11-E11 -> 113.3624 | H11: =IFERROR(E11/D11,0) -> 0.77
A12: CLM-359 | B12: CHG-411 | C12: Aetna | D12: 490.26 | E12: 416.721 | F12: Paid | G12: =D12-E12 -> 73.539 | H12: =IFERROR(E12/D12,0) -> 0.85
A13: CLM-492 | B13: CHG-558 | C13: Aetna | D13: 490.06 | E13: 372.4456 | F13: Paid | G13: =D13-E13 -> 117.6144 | H13: =IFERROR(E13/D13,0) -> 0.76
... A501: CLM-167 | B501: CHG-193 | C501: Aetna | D501: 50.46 | E501: 39.8634 | F501: Paid | G501: =D501-E501 -> 10.5966 | H501: =IFERROR(E501/D501,0) -> 0.79

Sheet Clean Providers
A1: ProviderID | B1: FullName | C1: Specialty
A2: PROV-111 | B2: Dr. Jennifer Brown | C2: Cardiology
A3: PROV-103 | B3: Dr. Mary Williams | C3: Cardiology
A4: PROV-119 | B4: Dr. Michael Garcia | C4: Cardiology
A5: PROV-114 | B5: Dr. Patricia Patel | C5: Cardiology
A6: PROV-101 | B6: Dr. Patricia Singh | C6: Cardiology
A7: PROV-124 | B7: Dr. Priya Williams | C7: Cardiology
A8: PROV-128 | B8: Dr. Robert Jones | C8: Cardiology
A9: PROV-115 | B9: Dr. Aarav Garcia | C9: Dermatology
A10: PROV-107 | B10: Dr. Jennifer Jones | C10: Dermatology
A11: PROV-127 | B11: Dr. Linda Patel | C11: Dermatology
A12: PROV-112 | B12: Dr. Mary Jones | C12: Dermatology
... A31: PROV-106 | B31: Dr. Mary Patel | C31: Pediatrics

Sheet Clean Prescriptions
A1: PrescriptionID | B1: EncounterID | C1: MedicationID | D1: PharmacyID | E1: DatePrescribed | F1: Quantity | G1: Refills | H1: TotalUnitsAuthorized
A2: RX-77 | B2: ENC-147 | C2: MED01 | D2: PHARM-02 | E2: 46289 | F2: 30 | G2: 1 | H2: =F2*(G2+1) -> 60
A3: RX-387 | B3: ENC-729 | C3: MED02 | D3: PHARM-03 | E3: 46289 | F3: 30 | G3: 1 | H3: =F3*(G3+1) -> 60
A4: RX-154 | B4: ENC-278 | C4: MED03 | D4: PHARM-04 | E4: 46285 | F4: 30 | G4: 1 | H4: =F4*(G4+1) -> 60
A5: RX-379 | B5: ENC-713 | C5: MED02 | D5: PHARM-01 | E5: 46285 | F5: 30 | G5: 1 | H5: =F5*(G5+1) -> 60
A6: RX-292 | B6: ENC-556 | C6: MED02 | D6: PHARM-03 | E6: 46277 | F6: 30 | G6: 1 | H6: =F6*(G6+1) -> 60
A7: RX-336 | B7: ENC-626 | C7: MED02 | D7: PHARM-04 | E7: 46275 | F7: 30 | G7: 1 | H7: =F7*(G7+1) -> 60
A8: RX-454 | B8: ENC-869 | C8: MED01 | D8: PHARM-04 | E8: 46267 | F8: 30 | G8: 1 | H8: =F8*(G8+1) -> 60
A9: RX-444 | B9: ENC-853 | C9: MED02 | D9: PHARM-01 | E9: 46265 | F9: 30 | G9: 1 | H9: =F9*(G9+1) -> 60
A10: RX-4 | B10: ENC-6 | C10: MED02 | D10: PHARM-03 | E10: 46264 | F10: 30 | G10: 1 | H10: =F10*(G10+1) -> 60
A11: RX-25 | B11: ENC-45 | C11: MED04 | D11: PHARM-03 | E11: 46264 | F11: 30 | G11: 1 | H11: =F11*(G11+1) -> 60
A12: RX-33 | B12: ENC-61 | C12: MED04 | D12: PHARM-03 | E12: 46263 | F12: 30 | G12: 1 | H12: =F12*(G12+1) -> 60
A13: RX-159 | B13: ENC-288 | C13: MED03 | D13: PHARM-01 | E13: 46263 | F13: 30 | G13: 1 | H13: =F13*(G13+1) -> 60
... A501: RX-94 | B501: ENC-183 | C501: MED01 | D501: PHARM-04 | E501: 44563 | F501: 30 | G501: 1 | H501: =F501*(G501+1) -> 60

Sheet Pivot Summary
A1: Encounter Volume by Year and Type | H1: Charges by CPT Code | L1: Diagnosis Frequency
A4: Count of PatientID | B4: EncounterType | H4: CPT_Code | I4: Sum of ChargeAmount | L4: ICD10_Code | M4: Count of DiagnosisID
A5: EncounterYear | B5: Emergency | C5: Hospital Admission | D5: Office Visit | E5: Telehealth | F5: Grand Total | H5: 80053 | I5: 34368.74 | L5: E11.9 | M5: 97
A6: 2022 | B6: 25 | C6: 34 | D6: 30 | E6: 32 | F6: 121 | H6: 85025 | I6: 32124.34 | L6: I10 | M6: 111
A7: 2023 | B7: 29 | C7: 33 | D7: 34 | E7: 14 | F7: 110 | H7: 99203 | I7: 31248.94 | L7: J06.9 | M7: 107
A8: 2024 | B8: 26 | C8: 26 | D8: 20 | E8: 17 | F8: 89 | H8: 99213 | I8: 41307.22 | L8: K21.9 | M8: 89
A9: 2025 | B9: 29 | C9: 24 | D9: 27 | E9: 29 | F9: 109 | H9: Grand Total | I9: 139049.24 | L9: M54.5 | M9: 96
A10: 2026 | B10: 20 | C10: 16 | D10: 13 | E10: 22 | F10: 71 | L10: Grand Total | M10: 500
A11: Grand Total | B11: 129 | C11: 133 | D11: 124 | E11: 114 | F11: 500
